record_id,symbol,occurred_date,event_class,evidence_url,evidence_note,checked_at_utc
A0001,MSFT,2026-04-29,quarterly_results,https://www.sec.gov/Archives/edgar/data/789019/000119312526191457/msft-20260429.htm,primary doc Item 2.02: definitive financial-results announcement for a completed fiscal period; no preliminary/business-update/guidance-only language found,2026-07-17T00:00:00+00:00
A0002,AMZN,2026-04-29,quarterly_results,https://www.sec.gov/Archives/edgar/data/1018724/000101872426000012/amzn-20260429.htm,primary doc Item 2.02: definitive financial-results announcement for a completed fiscal period; no preliminary/business-update/guidance-only language found,2026-07-17T00:00:00+00:00
A0003,VST,2026-05-07,quarterly_results,https://www.sec.gov/Archives/edgar/data/1692819/000169281926000011/vistra-20260507.htm,primary doc Item 2.02: definitive financial-results announcement for a completed fiscal period; no preliminary/business-update/guidance-only language found,2026-07-17T00:00:00+00:00
A0004,CEG,2026-05-11,quarterly_results,https://www.sec.gov/Archives/edgar/data/1168165/000186827526000063/ceg-20260511.htm,primary doc Item 2.02: definitive financial-results announcement for a completed fiscal period; no preliminary/business-update/guidance-only language found,2026-07-17T00:00:00+00:00
A0009,NOW,2018-01-31,quarterly_results,https://www.sec.gov/Archives/edgar/data/1373715/000115752318000166/a51751387.htm,primary doc Item 2.02: definitive financial-results announcement for a completed fiscal period; no preliminary/business-update/guidance-only language found,2026-07-17T00:00:00+00:00
A0010,NOW,2018-04-19,quarterly_results,https://www.sec.gov/Archives/edgar/data/1373715/000115752318000805/a51794662.htm,primary doc Item 2.02: definitive financial-results announcement for a completed fiscal period; no preliminary/business-update/guidance-only language found,2026-07-17T00:00:00+00:00
A0011,NOW,2018-07-25,quarterly_results,https://www.sec.gov/Archives/edgar/data/1373715/000137371518000153/erq2fy18-8xk.htm,primary doc Item 2.02: definitive financial-results announcement for a completed fiscal period; no preliminary/business-update/guidance-only language found,2026-07-17T00:00:00+00:00
A0012,NOW,2018-10-24,quarterly_results,https://www.sec.gov/Archives/edgar/data/1373715/000137371518000191/erq3fy18-8xk.htm,primary doc Item 2.02: definitive financial-results announcement for a completed fiscal period; no preliminary/business-update/guidance-only language found,2026-07-17T00:00:00+00:00
A0013,NOW,2019-01-29,quarterly_results,https://www.sec.gov/Archives/edgar/data/1373715/000137371519000006/erq4fy18-8xk.htm,primary doc Item 2.02: definitive financial-results announcement for a completed fiscal period; no preliminary/business-update/guidance-only language found,2026-07-17T00:00:00+00:00
A0014,NOW,2019-04-18,quarterly_results,https://www.sec.gov/Archives/edgar/data/1373715/000137371519000105/erq1fy19-8xk.htm,primary doc Item 2.02: definitive financial-results announcement for a completed fiscal period; no preliminary/business-update/guidance-only language found,2026-07-17T00:00:00+00:00
A0015,NOW,2019-07-24,quarterly_results,https://www.sec.gov/Archives/edgar/data/1373715/000137371519000200/erq2fy19-8xk.htm,primary doc Item 2.02: definitive financial-results announcement for a completed fiscal period; no preliminary/business-update/guidance-only language found,2026-07-17T00:00:00+00:00
A0017,NOW,2019-10-23,quarterly_results,https://www.sec.gov/Archives/edgar/data/1373715/000137371519000265/erq3fy19-8xk.htm,primary doc Item 2.02: definitive financial-results announcement for a completed fiscal period; no preliminary/business-update/guidance-only language found,2026-07-17T00:00:00+00:00
A0018,NOW,2020-01-29,quarterly_results,https://www.sec.gov/Archives/edgar/data/1373715/000137371520000008/erq4fy19-8xk.htm,primary doc Item 2.02: definitive financial-results announcement for a completed fiscal period; no preliminary/business-update/guidance-only language found,2026-07-17T00:00:00+00:00
A0019,NOW,2020-04-29,quarterly_results,https://www.sec.gov/Archives/edgar/data/1373715/000137371520000098/erq1fy20-8xk.htm,primary doc Item 2.02: definitive financial-results announcement for a completed fiscal period; no preliminary/business-update/guidance-only language found,2026-07-17T00:00:00+00:00
A0020,NOW,2020-07-28,quarterly_results,https://www.sec.gov/Archives/edgar/data/1373715/000137371520000189/now-20200728.htm,primary doc Item 2.02: definitive financial-results announcement for a completed fiscal period; no preliminary/business-update/guidance-only language found,2026-07-17T00:00:00+00:00
A0021,NOW,2020-10-26,quarterly_results,https://www.sec.gov/Archives/edgar/data/1373715/000137371520000255/now-20201026.htm,primary doc Item 2.02: definitive financial-results announcement for a completed fiscal period; no preliminary/business-update/guidance-only language found,2026-07-17T00:00:00+00:00
A0022,NOW,2021-01-27,quarterly_results,https://www.sec.gov/Archives/edgar/data/1373715/000137371521000008/now-20210127.htm,primary doc Item 2.02: definitive financial-results announcement for a completed fiscal period; no preliminary/business-update/guidance-only language found,2026-07-17T00:00:00+00:00
A0023,NOW,2021-04-28,quarterly_results,https://www.sec.gov/Archives/edgar/data/1373715/000137371521000111/now-20210428.htm,primary doc Item 2.02: definitive financial-results announcement for a completed fiscal period; no preliminary/business-update/guidance-only language found,2026-07-17T00:00:00+00:00
A0024,NOW,2021-07-28,quarterly_results,https://www.sec.gov/Archives/edgar/data/1373715/000137371521000200/now-20210728.htm,primary doc Item 2.02: definitive financial-results announcement for a completed fiscal period; no preliminary/business-update/guidance-only language found,2026-07-17T00:00:00+00:00
A0025,NOW,2021-10-26,quarterly_results,https://www.sec.gov/Archives/edgar/data/1373715/000137371521000288/now-20211026.htm,primary doc Item 2.02: definitive financial-results announcement for a completed fiscal period; no preliminary/business-update/guidance-only language found,2026-07-17T00:00:00+00:00
A0026,NOW,2022-01-25,quarterly_results,https://www.sec.gov/Archives/edgar/data/1373715/000137371522000006/now-20220125.htm,primary doc Item 2.02: definitive financial-results announcement for a completed fiscal period; no preliminary/business-update/guidance-only language found,2026-07-17T00:00:00+00:00
A0027,NOW,2022-04-27,quarterly_results,https://www.sec.gov/Archives/edgar/data/1373715/000137371522000132/now-20220427.htm,primary doc Item 2.02: definitive financial-results announcement for a completed fiscal period; no preliminary/business-update/guidance-only language found,2026-07-17T00:00:00+00:00
A0028,NOW,2022-07-25,quarterly_results,https://www.sec.gov/Archives/edgar/data/1373715/000137371522000239/now-20220725.htm,primary doc Item 2.02: definitive financial-results announcement for a completed fiscal period; no preliminary/business-update/guidance-only language found,2026-07-17T00:00:00+00:00
A0029,NOW,2022-10-23,quarterly_results,https://www.sec.gov/Archives/edgar/data/1373715/000137371522000329/now-20221023.htm,primary doc Item 2.02: definitive financial-results announcement for a completed fiscal period; no preliminary/business-update/guidance-only language found,2026-07-17T00:00:00+00:00
A0030,NOW,2023-01-24,quarterly_results,https://www.sec.gov/Archives/edgar/data/1373715/000137371523000016/now-20230124.htm,primary doc Item 2.02: definitive financial-results announcement for a completed fiscal period; no preliminary/business-update/guidance-only language found,2026-07-17T00:00:00+00:00
A0031,NOW,2023-04-24,quarterly_results,https://www.sec.gov/Archives/edgar/data/1373715/000137371523000162/now-20230424.htm,primary doc Item 2.02: definitive financial-results announcement for a completed fiscal period; no preliminary/business-update/guidance-only language found,2026-07-17T00:00:00+00:00
A0032,NOW,2023-07-26,quarterly_results,https://www.sec.gov/Archives/edgar/data/1373715/000137371523000323/now-20230726.htm,primary doc Item 2.02: definitive financial-results announcement for a completed fiscal period; no preliminary/business-update/guidance-only language found,2026-07-17T00:00:00+00:00
A0033,NOW,2023-10-25,quarterly_results,https://www.sec.gov/Archives/edgar/data/1373715/000137371523000417/now-20231025.htm,primary doc Item 2.02: definitive financial-results announcement for a completed fiscal period; no preliminary/business-update/guidance-only language found,2026-07-17T00:00:00+00:00
A0034,NOW,2024-01-24,quarterly_results,https://www.sec.gov/Archives/edgar/data/1373715/000137371524000009/now-20240124.htm,primary doc Item 2.02: definitive financial-results announcement for a completed fiscal period; no preliminary/business-update/guidance-only language found,2026-07-17T00:00:00+00:00
A0035,NOW,2024-04-24,quarterly_results,https://www.sec.gov/Archives/edgar/data/1373715/000137371524000163/now-20240424.htm,primary doc Item 2.02: definitive financial-results announcement for a completed fiscal period; no preliminary/business-update/guidance-only language found,2026-07-17T00:00:00+00:00
A0036,NOW,2024-07-24,quarterly_results,https://www.sec.gov/Archives/edgar/data/1373715/000137371524000269/now-20240724.htm,primary doc Item 2.02: definitive financial-results announcement for a completed fiscal period; no preliminary/business-update/guidance-only language found,2026-07-17T00:00:00+00:00
A0037,NOW,2024-10-21,quarterly_results,https://www.sec.gov/Archives/edgar/data/1373715/000137371524000342/now-20241021.htm,primary doc Item 2.02: definitive financial-results announcement for a completed fiscal period; no preliminary/business-update/guidance-only language found,2026-07-17T00:00:00+00:00
A0038,NOW,2025-01-29,quarterly_results,https://www.sec.gov/Archives/edgar/data/1373715/000137371525000007/now-20250129.htm,primary doc Item 2.02: definitive financial-results announcement for a completed fiscal period; no preliminary/business-update/guidance-only language found,2026-07-17T00:00:00+00:00
A0039,NOW,2025-04-21,quarterly_results,https://www.sec.gov/Archives/edgar/data/1373715/000137371525000124/now-20250421.htm,primary doc Item 2.02: definitive financial-results announcement for a completed fiscal period; no preliminary/business-update/guidance-only language found,2026-07-17T00:00:00+00:00
A0040,NOW,2025-07-23,quarterly_results,https://www.sec.gov/Archives/edgar/data/1373715/000137371525000274/now-20250723.htm,primary doc Item 2.02: definitive financial-results announcement for a completed fiscal period; no preliminary/business-update/guidance-only language found,2026-07-17T00:00:00+00:00
A0041,NOW,2025-10-29,quarterly_results,https://www.sec.gov/Archives/edgar/data/1373715/000137371525000305/now-20251029.htm,primary doc Item 2.02: definitive financial-results announcement for a completed fiscal period; no preliminary/business-update/guidance-only language found,2026-07-17T00:00:00+00:00
A0042,NOW,2026-01-28,quarterly_results,https://www.sec.gov/Archives/edgar/data/1373715/000137371526000005/now-20260128.htm,primary doc Item 2.02: definitive financial-results announcement for a completed fiscal period; no preliminary/business-update/guidance-only language found,2026-07-17T00:00:00+00:00
A0043,NOW,2026-04-17,quarterly_results,https://www.sec.gov/Archives/edgar/data/1373715/000137371526000054/now-20260417.htm,primary doc Item 2.02: definitive financial-results announcement for a completed fiscal period; no preliminary/business-update/guidance-only language found,2026-07-17T00:00:00+00:00
A0044,NVDA,2018-02-08,quarterly_results,https://www.sec.gov/Archives/edgar/data/1045810/000104581018000004/form8-kq4fy18.htm,primary doc Item 2.02: definitive financial-results announcement for a completed fiscal period; no preliminary/business-update/guidance-only language found,2026-07-17T00:00:00+00:00
A0045,NVDA,2018-05-10,quarterly_results,https://www.sec.gov/Archives/edgar/data/1045810/000104581018000052/form8-kq1fy19.htm,primary doc Item 2.02: definitive financial-results announcement for a completed fiscal period; no preliminary/business-update/guidance-only language found,2026-07-17T00:00:00+00:00
A0046,NVDA,2018-08-16,quarterly_results,https://www.sec.gov/Archives/edgar/data/1045810/000104581018000113/form8-kq2fy19.htm,primary doc Item 2.02: definitive financial-results announcement for a completed fiscal period; no preliminary/business-update/guidance-only language found,2026-07-17T00:00:00+00:00
A0047,NVDA,2018-11-15,quarterly_results,https://www.sec.gov/Archives/edgar/data/1045810/000104581018000148/form8-kq3fy19.htm,primary doc Item 2.02: definitive financial-results announcement for a completed fiscal period; no preliminary/business-update/guidance-only language found,2026-07-17T00:00:00+00:00
A0048,NVDA,2019-01-28,other_item_202,https://www.sec.gov/Archives/edgar/data/1045810/000104581019000004/form8-kq4fy19update.htm,"primary doc + ex-99.1 title 'NVIDIA Updates Financial Guidance for Fourth Quarter of Fiscal 2019' — guidance update ahead of the quarter close, not a results release; real Q4 FY19 earnings 8-K filed 2019-02-14",2026-07-17T00:00:00+00:00
A0049,NVDA,2019-02-14,quarterly_results,https://www.sec.gov/Archives/edgar/data/1045810/000104581019000007/form8-kq4fy19.htm,primary doc Item 2.02: definitive financial-results announcement for a completed fiscal period; no preliminary/business-update/guidance-only language found,2026-07-17T00:00:00+00:00
A0050,NVDA,2019-05-16,quarterly_results,https://www.sec.gov/Archives/edgar/data/1045810/000104581019000077/form8-kq1fy20.htm,primary doc Item 2.02: definitive financial-results announcement for a completed fiscal period; no preliminary/business-update/guidance-only language found,2026-07-17T00:00:00+00:00
A0051,NVDA,2019-08-15,quarterly_results,https://www.sec.gov/Archives/edgar/data/1045810/000104581019000140/form8-kq2fy20.htm,primary doc Item 2.02: definitive financial-results announcement for a completed fiscal period; no preliminary/business-update/guidance-only language found,2026-07-17T00:00:00+00:00
A0052,NVDA,2019-11-14,quarterly_results,https://www.sec.gov/Archives/edgar/data/1045810/000104581019000168/form8-kq3fy20.htm,primary doc Item 2.02: definitive financial-results announcement for a completed fiscal period; no preliminary/business-update/guidance-only language found,2026-07-17T00:00:00+00:00
A0053,NVDA,2020-02-13,quarterly_results,https://www.sec.gov/Archives/edgar/data/1045810/000104581020000007/form8-kq4fy20.htm,primary doc Item 2.02: definitive financial-results announcement for a completed fiscal period; no preliminary/business-update/guidance-only language found,2026-07-17T00:00:00+00:00
A0054,NVDA,2020-05-21,quarterly_results,https://www.sec.gov/Archives/edgar/data/1045810/000104581020000063/nvda-20200521.htm,primary doc Item 2.02: definitive financial-results announcement for a completed fiscal period; no preliminary/business-update/guidance-only language found,2026-07-17T00:00:00+00:00
A0055,NVDA,2020-08-19,quarterly_results,https://www.sec.gov/Archives/edgar/data/1045810/000104581020000145/nvda-20200819.htm,primary doc Item 2.02: definitive financial-results announcement for a completed fiscal period; no preliminary/business-update/guidance-only language found,2026-07-17T00:00:00+00:00
A0056,NVDA,2020-11-18,quarterly_results,https://www.sec.gov/Archives/edgar/data/1045810/000104581020000187/nvda-20201118.htm,primary doc Item 2.02: definitive financial-results announcement for a completed fiscal period; no preliminary/business-update/guidance-only language found,2026-07-17T00:00:00+00:00
A0057,NVDA,2021-02-24,quarterly_results,https://www.sec.gov/Archives/edgar/data/1045810/000104581021000007/nvda-20210224.htm,primary doc Item 2.02: definitive financial-results announcement for a completed fiscal period; no preliminary/business-update/guidance-only language found,2026-07-17T00:00:00+00:00
A0058,NVDA,2021-05-26,quarterly_results,https://www.sec.gov/Archives/edgar/data/1045810/000104581021000063/nvda-20210526.htm,primary doc Item 2.02: definitive financial-results announcement for a completed fiscal period; no preliminary/business-update/guidance-only language found,2026-07-17T00:00:00+00:00
A0059,NVDA,2021-08-18,quarterly_results,https://www.sec.gov/Archives/edgar/data/1045810/000104581021000128/nvda-20210818.htm,primary doc Item 2.02: definitive financial-results announcement for a completed fiscal period; no preliminary/business-update/guidance-only language found,2026-07-17T00:00:00+00:00
A0060,NVDA,2021-11-17,quarterly_results,https://www.sec.gov/Archives/edgar/data/1045810/000104581021000160/nvda-20211117.htm,primary doc Item 2.02: definitive financial-results announcement for a completed fiscal period; no preliminary/business-update/guidance-only language found,2026-07-17T00:00:00+00:00
A0061,NVDA,2022-02-16,quarterly_results,https://www.sec.gov/Archives/edgar/data/1045810/000104581022000008/nvda-20220216.htm,primary doc Item 2.02: definitive financial-results announcement for a completed fiscal period; no preliminary/business-update/guidance-only language found,2026-07-17T00:00:00+00:00
A0062,NVDA,2022-05-25,quarterly_results,https://www.sec.gov/Archives/edgar/data/1045810/000104581022000073/nvda-20220525.htm,primary doc Item 2.02: definitive financial-results announcement for a completed fiscal period; no preliminary/business-update/guidance-only language found,2026-07-17T00:00:00+00:00
A0063,NVDA,2022-08-08,other_item_202,https://www.sec.gov/Archives/edgar/data/1045810/000104581022000133/nvda-20220808.htm,"primary doc: 'issued a press release announcing selected preliminary financial results for the second quarter ended July 31, 2022'; real definitive Q2 FY23 earnings 8-K filed 2022-08-24",2026-07-17T00:00:00+00:00
A0064,NVDA,2022-08-24,quarterly_results,https://www.sec.gov/Archives/edgar/data/1045810/000104581022000136/nvda-20220824.htm,primary doc Item 2.02: definitive financial-results announcement for a completed fiscal period; no preliminary/business-update/guidance-only language found,2026-07-17T00:00:00+00:00
A0065,NVDA,2022-11-16,quarterly_results,https://www.sec.gov/Archives/edgar/data/1045810/000104581022000163/nvda-20221116.htm,primary doc Item 2.02: definitive financial-results announcement for a completed fiscal period; no preliminary/business-update/guidance-only language found,2026-07-17T00:00:00+00:00
A0066,NVDA,2023-02-22,quarterly_results,https://www.sec.gov/Archives/edgar/data/1045810/000104581023000014/nvda-20230222.htm,primary doc Item 2.02: definitive financial-results announcement for a completed fiscal period; no preliminary/business-update/guidance-only language found,2026-07-17T00:00:00+00:00
A0067,NVDA,2023-05-24,quarterly_results,https://www.sec.gov/Archives/edgar/data/1045810/000104581023000087/nvda-20230524.htm,primary doc Item 2.02: definitive financial-results announcement for a completed fiscal period; no preliminary/business-update/guidance-only language found,2026-07-17T00:00:00+00:00
A0068,NVDA,2023-08-23,quarterly_results,https://www.sec.gov/Archives/edgar/data/1045810/000104581023000171/nvda-20230823.htm,primary doc Item 2.02: definitive financial-results announcement for a completed fiscal period; no preliminary/business-update/guidance-only language found,2026-07-17T00:00:00+00:00
A0069,NVDA,2023-11-21,quarterly_results,https://www.sec.gov/Archives/edgar/data/1045810/000104581023000225/nvda-20231121.htm,primary doc Item 2.02: definitive financial-results announcement for a completed fiscal period; no preliminary/business-update/guidance-only language found,2026-07-17T00:00:00+00:00
A0070,NVDA,2024-02-21,quarterly_results,https://www.sec.gov/Archives/edgar/data/1045810/000104581024000028/nvda-20240221.htm,primary doc Item 2.02: definitive financial-results announcement for a completed fiscal period; no preliminary/business-update/guidance-only language found,2026-07-17T00:00:00+00:00
A0071,NVDA,2024-05-22,quarterly_results,https://www.sec.gov/Archives/edgar/data/1045810/000104581024000113/nvda-20240522.htm,primary doc Item 2.02: definitive financial-results announcement for a completed fiscal period; no preliminary/business-update/guidance-only language found,2026-07-17T00:00:00+00:00
A0072,NVDA,2024-08-28,quarterly_results,https://www.sec.gov/Archives/edgar/data/1045810/000104581024000262/nvda-20240828.htm,primary doc Item 2.02: definitive financial-results announcement for a completed fiscal period; no preliminary/business-update/guidance-only language found,2026-07-17T00:00:00+00:00
A0073,NVDA,2024-11-20,quarterly_results,https://www.sec.gov/Archives/edgar/data/1045810/000104581024000315/nvda-20241120.htm,primary doc Item 2.02: definitive financial-results announcement for a completed fiscal period; no preliminary/business-update/guidance-only language found,2026-07-17T00:00:00+00:00
A0074,NVDA,2025-02-26,quarterly_results,https://www.sec.gov/Archives/edgar/data/1045810/000104581025000021/nvda-20250226.htm,primary doc Item 2.02: definitive financial-results announcement for a completed fiscal period; no preliminary/business-update/guidance-only language found,2026-07-17T00:00:00+00:00
A0075,NVDA,2025-05-28,quarterly_results,https://www.sec.gov/Archives/edgar/data/1045810/000104581025000115/nvda-20250528.htm,primary doc Item 2.02: definitive financial-results announcement for a completed fiscal period; no preliminary/business-update/guidance-only language found,2026-07-17T00:00:00+00:00
A0076,NVDA,2025-08-27,quarterly_results,https://www.sec.gov/Archives/edgar/data/1045810/000104581025000207/nvda-20250827.htm,primary doc Item 2.02: definitive financial-results announcement for a completed fiscal period; no preliminary/business-update/guidance-only language found,2026-07-17T00:00:00+00:00
A0077,NVDA,2025-11-19,quarterly_results,https://www.sec.gov/Archives/edgar/data/1045810/000104581025000228/nvda-20251119.htm,primary doc Item 2.02: definitive financial-results announcement for a completed fiscal period; no preliminary/business-update/guidance-only language found,2026-07-17T00:00:00+00:00
A0078,NVDA,2026-02-25,quarterly_results,https://www.sec.gov/Archives/edgar/data/1045810/000104581026000019/nvda-20260225.htm,primary doc Item 2.02: definitive financial-results announcement for a completed fiscal period; no preliminary/business-update/guidance-only language found,2026-07-17T00:00:00+00:00
A0079,NVDA,2026-05-20,quarterly_results,https://www.sec.gov/Archives/edgar/data/1045810/000104581026000051/nvda-20260520.htm,primary doc Item 2.02: definitive financial-results announcement for a completed fiscal period; no preliminary/business-update/guidance-only language found,2026-07-17T00:00:00+00:00
A0080,PLTR,2020-11-12,quarterly_results,https://www.sec.gov/Archives/edgar/data/1321655/000119312520291678/d934165d8k.htm,primary doc Item 2.02: definitive financial-results announcement for a completed fiscal period; no preliminary/business-update/guidance-only language found,2026-07-17T00:00:00+00:00
A0081,PLTR,2021-02-16,quarterly_results,https://www.sec.gov/Archives/edgar/data/1321655/000119312521043333/d131078d8k.htm,primary doc Item 2.02: definitive financial-results announcement for a completed fiscal period; no preliminary/business-update/guidance-only language found,2026-07-17T00:00:00+00:00
A0082,PLTR,2021-05-11,quarterly_results,https://www.sec.gov/Archives/edgar/data/1321655/000119312521156956/d77775d8k.htm,primary doc Item 2.02: definitive financial-results announcement for a completed fiscal period; no preliminary/business-update/guidance-only language found,2026-07-17T00:00:00+00:00
A0083,PLTR,2021-08-12,quarterly_results,https://www.sec.gov/Archives/edgar/data/1321655/000095012321010428/d213750d8k.htm,primary doc Item 2.02: definitive financial-results announcement for a completed fiscal period; no preliminary/business-update/guidance-only language found,2026-07-17T00:00:00+00:00
A0084,PLTR,2021-11-09,quarterly_results,https://www.sec.gov/Archives/edgar/data/1321655/000119312521323727/d51038d8k.htm,primary doc Item 2.02: definitive financial-results announcement for a completed fiscal period; no preliminary/business-update/guidance-only language found,2026-07-17T00:00:00+00:00
A0085,PLTR,2022-02-17,quarterly_results,https://www.sec.gov/Archives/edgar/data/1321655/000119312522044821/d317188d8k.htm,primary doc Item 2.02: definitive financial-results announcement for a completed fiscal period; no preliminary/business-update/guidance-only language found,2026-07-17T00:00:00+00:00
A0086,PLTR,2022-05-09,quarterly_results,https://www.sec.gov/Archives/edgar/data/1321655/000119312522144264/d259921d8k.htm,primary doc Item 2.02: definitive financial-results announcement for a completed fiscal period; no preliminary/business-update/guidance-only language found,2026-07-17T00:00:00+00:00
A0087,PLTR,2022-08-08,quarterly_results,https://www.sec.gov/Archives/edgar/data/1321655/000119312522214147/d347534d8k.htm,primary doc Item 2.02: definitive financial-results announcement for a completed fiscal period; no preliminary/business-update/guidance-only language found,2026-07-17T00:00:00+00:00
A0088,PLTR,2022-11-07,quarterly_results,https://www.sec.gov/Archives/edgar/data/1321655/000132165522000029/pltr-20221107.htm,primary doc Item 2.02: definitive financial-results announcement for a completed fiscal period; no preliminary/business-update/guidance-only language found,2026-07-17T00:00:00+00:00
A0089,PLTR,2023-02-13,quarterly_results,https://www.sec.gov/Archives/edgar/data/1321655/000132165523000005/pltr-20230213.htm,primary doc Item 2.02: definitive financial-results announcement for a completed fiscal period; no preliminary/business-update/guidance-only language found,2026-07-17T00:00:00+00:00
A0090,PLTR,2023-05-08,quarterly_results,https://www.sec.gov/Archives/edgar/data/1321655/000132165523000042/pltr-20230508.htm,primary doc Item 2.02: definitive financial-results announcement for a completed fiscal period; no preliminary/business-update/guidance-only language found,2026-07-17T00:00:00+00:00
A0091,PLTR,2023-08-07,quarterly_results,https://www.sec.gov/Archives/edgar/data/1321655/000132165523000086/pltr-20230807.htm,primary doc Item 2.02: definitive financial-results announcement for a completed fiscal period; no preliminary/business-update/guidance-only language found,2026-07-17T00:00:00+00:00
A0092,PLTR,2023-11-02,quarterly_results,https://www.sec.gov/Archives/edgar/data/1321655/000132165523000115/pltr-20231102.htm,primary doc Item 2.02: definitive financial-results announcement for a completed fiscal period; no preliminary/business-update/guidance-only language found,2026-07-17T00:00:00+00:00
A0093,PLTR,2024-02-05,quarterly_results,https://www.sec.gov/Archives/edgar/data/1321655/000132165524000010/pltr-20240205.htm,primary doc Item 2.02: definitive financial-results announcement for a completed fiscal period; no preliminary/business-update/guidance-only language found,2026-07-17T00:00:00+00:00
A0094,PLTR,2024-05-06,quarterly_results,https://www.sec.gov/Archives/edgar/data/1321655/000132165524000069/pltr-20240506.htm,primary doc Item 2.02: definitive financial-results announcement for a completed fiscal period; no preliminary/business-update/guidance-only language found,2026-07-17T00:00:00+00:00
A0095,PLTR,2024-08-05,quarterly_results,https://www.sec.gov/Archives/edgar/data/1321655/000132165524000133/pltr-20240805.htm,primary doc Item 2.02: definitive financial-results announcement for a completed fiscal period; no preliminary/business-update/guidance-only language found,2026-07-17T00:00:00+00:00
A0096,PLTR,2024-11-04,quarterly_results,https://www.sec.gov/Archives/edgar/data/1321655/000132165524000207/pltr-20241104.htm,primary doc Item 2.02: definitive financial-results announcement for a completed fiscal period; no preliminary/business-update/guidance-only language found,2026-07-17T00:00:00+00:00
A0097,PLTR,2025-02-03,quarterly_results,https://www.sec.gov/Archives/edgar/data/1321655/000132165525000007/pltr-20250203.htm,primary doc Item 2.02: definitive financial-results announcement for a completed fiscal period; no preliminary/business-update/guidance-only language found,2026-07-17T00:00:00+00:00
A0098,PLTR,2025-05-05,quarterly_results,https://www.sec.gov/Archives/edgar/data/1321655/000132165525000063/pltr-20250505.htm,primary doc Item 2.02: definitive financial-results announcement for a completed fiscal period; no preliminary/business-update/guidance-only language found,2026-07-17T00:00:00+00:00
A0099,PLTR,2025-08-04,quarterly_results,https://www.sec.gov/Archives/edgar/data/1321655/000132165525000105/pltr-20250804.htm,primary doc Item 2.02: definitive financial-results announcement for a completed fiscal period; no preliminary/business-update/guidance-only language found,2026-07-17T00:00:00+00:00
A0100,PLTR,2025-11-03,quarterly_results,https://www.sec.gov/Archives/edgar/data/1321655/000132165525000130/pltr-20251103.htm,primary doc Item 2.02: definitive financial-results announcement for a completed fiscal period; no preliminary/business-update/guidance-only language found,2026-07-17T00:00:00+00:00
A0101,PLTR,2026-02-02,quarterly_results,https://www.sec.gov/Archives/edgar/data/1321655/000132165526000004/pltr-20260202.htm,primary doc Item 2.02: definitive financial-results announcement for a completed fiscal period; no preliminary/business-update/guidance-only language found,2026-07-17T00:00:00+00:00
A0102,PLTR,2026-05-04,quarterly_results,https://www.sec.gov/Archives/edgar/data/1321655/000132165526000026/pltr-20260504.htm,primary doc Item 2.02: definitive financial-results announcement for a completed fiscal period; no preliminary/business-update/guidance-only language found,2026-07-17T00:00:00+00:00
A0103,MSFT,2018-01-31,quarterly_results,https://www.sec.gov/Archives/edgar/data/789019/000119312518027377/d468387d8k.htm,primary doc Item 2.02: definitive financial-results announcement for a completed fiscal period; no preliminary/business-update/guidance-only language found,2026-07-17T00:00:00+00:00
A0104,MSFT,2018-04-26,quarterly_results,https://www.sec.gov/Archives/edgar/data/789019/000119312518134732/d576671d8k.htm,primary doc Item 2.02: definitive financial-results announcement for a completed fiscal period; no preliminary/business-update/guidance-only language found,2026-07-17T00:00:00+00:00
A0105,MSFT,2018-07-19,quarterly_results,https://www.sec.gov/Archives/edgar/data/789019/000119312518221458/d501766d8k.htm,primary doc Item 2.02: definitive financial-results announcement for a completed fiscal period; no preliminary/business-update/guidance-only language found,2026-07-17T00:00:00+00:00
A0106,MSFT,2018-10-24,quarterly_results,https://www.sec.gov/Archives/edgar/data/789019/000119312518306365/d640048d8k.htm,primary doc Item 2.02: definitive financial-results announcement for a completed fiscal period; no preliminary/business-update/guidance-only language found,2026-07-17T00:00:00+00:00
A0107,MSFT,2019-01-30,quarterly_results,https://www.sec.gov/Archives/edgar/data/789019/000119312519022553/d699806d8k.htm,primary doc Item 2.02: definitive financial-results announcement for a completed fiscal period; no preliminary/business-update/guidance-only language found,2026-07-17T00:00:00+00:00
A0108,MSFT,2019-04-24,quarterly_results,https://www.sec.gov/Archives/edgar/data/789019/000119312519117108/d661527d8k.htm,primary doc Item 2.02: definitive financial-results announcement for a completed fiscal period; no preliminary/business-update/guidance-only language found,2026-07-17T00:00:00+00:00
A0109,MSFT,2019-07-18,quarterly_results,https://www.sec.gov/Archives/edgar/data/789019/000119312519196501/d777737d8k.htm,primary doc Item 2.02: definitive financial-results announcement for a completed fiscal period; no preliminary/business-update/guidance-only language found,2026-07-17T00:00:00+00:00
A0110,MSFT,2019-10-23,quarterly_results,https://www.sec.gov/Archives/edgar/data/789019/000119312519272562/d823675d8k.htm,primary doc Item 2.02: definitive financial-results announcement for a completed fiscal period; no preliminary/business-update/guidance-only language found,2026-07-17T00:00:00+00:00
A0111,MSFT,2020-01-29,quarterly_results,https://www.sec.gov/Archives/edgar/data/789019/000119312520018383/d875975d8k.htm,primary doc Item 2.02: definitive financial-results announcement for a completed fiscal period; no preliminary/business-update/guidance-only language found,2026-07-17T00:00:00+00:00
A0112,MSFT,2020-04-29,quarterly_results,https://www.sec.gov/Archives/edgar/data/789019/000119312520126089/d844377d8k.htm,primary doc Item 2.02: definitive financial-results announcement for a completed fiscal period; no preliminary/business-update/guidance-only language found,2026-07-17T00:00:00+00:00
A0113,MSFT,2020-07-22,quarterly_results,https://www.sec.gov/Archives/edgar/data/789019/000119312520197109/d941281d8k.htm,primary doc Item 2.02: definitive financial-results announcement for a completed fiscal period; no preliminary/business-update/guidance-only language found,2026-07-17T00:00:00+00:00
A0114,MSFT,2020-10-27,quarterly_results,https://www.sec.gov/Archives/edgar/data/789019/000119312520278410/d10535d8k.htm,primary doc Item 2.02: definitive financial-results announcement for a completed fiscal period; no preliminary/business-update/guidance-only language found,2026-07-17T00:00:00+00:00
A0115,MSFT,2021-01-26,quarterly_results,https://www.sec.gov/Archives/edgar/data/789019/000119312521017683/d65802d8k.htm,primary doc Item 2.02: definitive financial-results announcement for a completed fiscal period; no preliminary/business-update/guidance-only language found,2026-07-17T00:00:00+00:00
A0116,MSFT,2021-04-27,quarterly_results,https://www.sec.gov/Archives/edgar/data/789019/000119312521134213/d179564d8k.htm,primary doc Item 2.02: definitive financial-results announcement for a completed fiscal period; no preliminary/business-update/guidance-only language found,2026-07-17T00:00:00+00:00
A0117,MSFT,2021-07-27,quarterly_results,https://www.sec.gov/Archives/edgar/data/789019/000119312521225746/d200100d8k.htm,primary doc Item 2.02: definitive financial-results announcement for a completed fiscal period; no preliminary/business-update/guidance-only language found,2026-07-17T00:00:00+00:00
A0118,MSFT,2021-10-26,quarterly_results,https://www.sec.gov/Archives/edgar/data/789019/000119312521307941/d239488d8k.htm,primary doc Item 2.02: definitive financial-results announcement for a completed fiscal period; no preliminary/business-update/guidance-only language found,2026-07-17T00:00:00+00:00
A0119,MSFT,2022-01-25,quarterly_results,https://www.sec.gov/Archives/edgar/data/789019/000119312522017041/d299919d8k.htm,primary doc Item 2.02: definitive financial-results announcement for a completed fiscal period; no preliminary/business-update/guidance-only language found,2026-07-17T00:00:00+00:00
A0120,MSFT,2022-04-26,quarterly_results,https://www.sec.gov/Archives/edgar/data/789019/000119312522120207/d328712d8k.htm,primary doc Item 2.02: definitive financial-results announcement for a completed fiscal period; no preliminary/business-update/guidance-only language found,2026-07-17T00:00:00+00:00
A0121,MSFT,2022-07-26,quarterly_results,https://www.sec.gov/Archives/edgar/data/789019/000119312522202034/d372382d8k.htm,primary doc Item 2.02: definitive financial-results announcement for a completed fiscal period; no preliminary/business-update/guidance-only language found,2026-07-17T00:00:00+00:00
A0122,MSFT,2022-10-25,quarterly_results,https://www.sec.gov/Archives/edgar/data/789019/000119312522268356/d361432d8k.htm,primary doc Item 2.02: definitive financial-results announcement for a completed fiscal period; no preliminary/business-update/guidance-only language found,2026-07-17T00:00:00+00:00
A0123,MSFT,2023-01-24,quarterly_results,https://www.sec.gov/Archives/edgar/data/789019/000119312523014230/d406070d8k.htm,primary doc Item 2.02: definitive financial-results announcement for a completed fiscal period; no preliminary/business-update/guidance-only language found,2026-07-17T00:00:00+00:00
A0124,MSFT,2023-04-25,quarterly_results,https://www.sec.gov/Archives/edgar/data/789019/000119312523115280/d321368d8k.htm,primary doc Item 2.02: definitive financial-results announcement for a completed fiscal period; no preliminary/business-update/guidance-only language found,2026-07-17T00:00:00+00:00
A0125,MSFT,2023-07-25,quarterly_results,https://www.sec.gov/Archives/edgar/data/789019/000095017023034400/msft-20230725.htm,primary doc Item 2.02: definitive financial-results announcement for a completed fiscal period; no preliminary/business-update/guidance-only language found,2026-07-17T00:00:00+00:00
A0126,MSFT,2023-10-24,quarterly_results,https://www.sec.gov/Archives/edgar/data/789019/000095017023054848/msft-20231024.htm,primary doc Item 2.02: definitive financial-results announcement for a completed fiscal period; no preliminary/business-update/guidance-only language found,2026-07-17T00:00:00+00:00
A0127,MSFT,2024-01-30,quarterly_results,https://www.sec.gov/Archives/edgar/data/789019/000095017024008809/msft-20240130.htm,primary doc Item 2.02: definitive financial-results announcement for a completed fiscal period; no preliminary/business-update/guidance-only language found,2026-07-17T00:00:00+00:00
A0128,MSFT,2024-04-25,quarterly_results,https://www.sec.gov/Archives/edgar/data/789019/000095017024048268/msft-20240425.htm,primary doc Item 2.02: definitive financial-results announcement for a completed fiscal period; no preliminary/business-update/guidance-only language found,2026-07-17T00:00:00+00:00
A0129,MSFT,2024-07-30,quarterly_results,https://www.sec.gov/Archives/edgar/data/789019/000095017024087835/msft-20240730.htm,primary doc Item 2.02: definitive financial-results announcement for a completed fiscal period; no preliminary/business-update/guidance-only language found,2026-07-17T00:00:00+00:00
A0130,MSFT,2024-10-30,quarterly_results,https://www.sec.gov/Archives/edgar/data/789019/000095017024118955/msft-20241030.htm,primary doc Item 2.02: definitive financial-results announcement for a completed fiscal period; no preliminary/business-update/guidance-only language found,2026-07-17T00:00:00+00:00
A0131,MSFT,2025-01-29,quarterly_results,https://www.sec.gov/Archives/edgar/data/789019/000095017025010484/msft-20250129.htm,primary doc Item 2.02: definitive financial-results announcement for a completed fiscal period; no preliminary/business-update/guidance-only language found,2026-07-17T00:00:00+00:00
A0132,MSFT,2025-04-30,quarterly_results,https://www.sec.gov/Archives/edgar/data/789019/000095017025061032/msft-20250430.htm,primary doc Item 2.02: definitive financial-results announcement for a completed fiscal period; no preliminary/business-update/guidance-only language found,2026-07-17T00:00:00+00:00
A0133,MSFT,2025-07-30,quarterly_results,https://www.sec.gov/Archives/edgar/data/789019/000095017025100226/msft-20250730.htm,primary doc Item 2.02: definitive financial-results announcement for a completed fiscal period; no preliminary/business-update/guidance-only language found,2026-07-17T00:00:00+00:00
A0134,MSFT,2025-10-28,quarterly_results,https://www.sec.gov/Archives/edgar/data/789019/000119312525256310/msft-20251028.htm,primary doc Item 2.02: definitive financial-results announcement for a completed fiscal period; no preliminary/business-update/guidance-only language found,2026-07-17T00:00:00+00:00
A0135,MSFT,2026-01-28,quarterly_results,https://www.sec.gov/Archives/edgar/data/789019/000119312526027198/msft-20260128.htm,primary doc Item 2.02: definitive financial-results announcement for a completed fiscal period; no preliminary/business-update/guidance-only language found,2026-07-17T00:00:00+00:00
A0136,AMZN,2018-02-01,quarterly_results,https://www.sec.gov/Archives/edgar/data/1018724/000101872418000002/amzn-20171231x8k.htm,primary doc Item 2.02: definitive financial-results announcement for a completed fiscal period; no preliminary/business-update/guidance-only language found,2026-07-17T00:00:00+00:00
A0137,AMZN,2018-04-26,quarterly_results,https://www.sec.gov/Archives/edgar/data/1018724/000101872418000070/amzn-20180331x8k.htm,primary doc Item 2.02: definitive financial-results announcement for a completed fiscal period; no preliminary/business-update/guidance-only language found,2026-07-17T00:00:00+00:00
A0138,AMZN,2018-07-26,quarterly_results,https://www.sec.gov/Archives/edgar/data/1018724/000101872418000106/amzn-20180630x8k.htm,primary doc Item 2.02: definitive financial-results announcement for a completed fiscal period; no preliminary/business-update/guidance-only language found,2026-07-17T00:00:00+00:00
A0139,AMZN,2018-10-25,quarterly_results,https://www.sec.gov/Archives/edgar/data/1018724/000101872418000157/amzn-20180930x8k.htm,primary doc Item 2.02: definitive financial-results announcement for a completed fiscal period; no preliminary/business-update/guidance-only language found,2026-07-17T00:00:00+00:00
A0140,AMZN,2019-01-31,quarterly_results,https://www.sec.gov/Archives/edgar/data/1018724/000101872419000002/amzn-20181231x8k.htm,primary doc Item 2.02: definitive financial-results announcement for a completed fiscal period; no preliminary/business-update/guidance-only language found,2026-07-17T00:00:00+00:00
A0141,AMZN,2019-04-25,quarterly_results,https://www.sec.gov/Archives/edgar/data/1018724/000101872419000041/amzn-2019331x8k.htm,primary doc Item 2.02: definitive financial-results announcement for a completed fiscal period; no preliminary/business-update/guidance-only language found,2026-07-17T00:00:00+00:00
A0142,AMZN,2019-07-25,quarterly_results,https://www.sec.gov/Archives/edgar/data/1018724/000101872419000069/amzn-2019630x8k.htm,primary doc Item 2.02: definitive financial-results announcement for a completed fiscal period; no preliminary/business-update/guidance-only language found,2026-07-17T00:00:00+00:00
A0143,AMZN,2019-10-24,quarterly_results,https://www.sec.gov/Archives/edgar/data/1018724/000101872419000087/amzn-2019930x8k.htm,primary doc Item 2.02: definitive financial-results announcement for a completed fiscal period; no preliminary/business-update/guidance-only language found,2026-07-17T00:00:00+00:00
A0144,AMZN,2020-01-30,quarterly_results,https://www.sec.gov/Archives/edgar/data/1018724/000101872420000002/amzn-20191231x8k.htm,primary doc Item 2.02: definitive financial-results announcement for a completed fiscal period; no preliminary/business-update/guidance-only language found,2026-07-17T00:00:00+00:00
A0145,AMZN,2020-04-30,quarterly_results,https://www.sec.gov/Archives/edgar/data/1018724/000101872420000008/amzn-20200331x8k.htm,primary doc Item 2.02: definitive financial-results announcement for a completed fiscal period; no preliminary/business-update/guidance-only language found,2026-07-17T00:00:00+00:00
A0146,AMZN,2020-07-30,quarterly_results,https://www.sec.gov/Archives/edgar/data/1018724/000101872420000019/amzn-20200730.htm,primary doc Item 2.02: definitive financial-results announcement for a completed fiscal period; no preliminary/business-update/guidance-only language found,2026-07-17T00:00:00+00:00
A0147,AMZN,2020-10-29,quarterly_results,https://www.sec.gov/Archives/edgar/data/1018724/000101872420000028/amzn-20201029.htm,primary doc Item 2.02: definitive financial-results announcement for a completed fiscal period; no preliminary/business-update/guidance-only language found,2026-07-17T00:00:00+00:00
A0148,AMZN,2021-02-02,quarterly_results,https://www.sec.gov/Archives/edgar/data/1018724/000101872421000002/amzn-20210202.htm,primary doc Item 2.02: definitive financial-results announcement for a completed fiscal period; no preliminary/business-update/guidance-only language found,2026-07-17T00:00:00+00:00
A0149,AMZN,2021-04-29,quarterly_results,https://www.sec.gov/Archives/edgar/data/1018724/000101872421000008/amzn-20210429.htm,primary doc Item 2.02: definitive financial-results announcement for a completed fiscal period; no preliminary/business-update/guidance-only language found,2026-07-17T00:00:00+00:00
A0150,AMZN,2021-07-29,quarterly_results,https://www.sec.gov/Archives/edgar/data/1018724/000101872421000018/amzn-20210729.htm,primary doc Item 2.02: definitive financial-results announcement for a completed fiscal period; no preliminary/business-update/guidance-only language found,2026-07-17T00:00:00+00:00
A0151,AMZN,2021-10-28,quarterly_results,https://www.sec.gov/Archives/edgar/data/1018724/000101872421000026/amzn-20211028.htm,primary doc Item 2.02: definitive financial-results announcement for a completed fiscal period; no preliminary/business-update/guidance-only language found,2026-07-17T00:00:00+00:00
A0152,AMZN,2022-02-03,quarterly_results,https://www.sec.gov/Archives/edgar/data/1018724/000101872422000002/amzn-20220203.htm,primary doc Item 2.02: definitive financial-results announcement for a completed fiscal period; no preliminary/business-update/guidance-only language found,2026-07-17T00:00:00+00:00
A0153,AMZN,2022-04-28,quarterly_results,https://www.sec.gov/Archives/edgar/data/1018724/000101872422000011/amzn-20220428.htm,primary doc Item 2.02: definitive financial-results announcement for a completed fiscal period; no preliminary/business-update/guidance-only language found,2026-07-17T00:00:00+00:00
A0154,AMZN,2022-07-28,quarterly_results,https://www.sec.gov/Archives/edgar/data/1018724/000101872422000017/amzn-20220728.htm,primary doc Item 2.02: definitive financial-results announcement for a completed fiscal period; no preliminary/business-update/guidance-only language found,2026-07-17T00:00:00+00:00
A0155,AMZN,2022-10-27,quarterly_results,https://www.sec.gov/Archives/edgar/data/1018724/000101872422000021/amzn-20221027.htm,primary doc Item 2.02: definitive financial-results announcement for a completed fiscal period; no preliminary/business-update/guidance-only language found,2026-07-17T00:00:00+00:00
A0156,AMZN,2023-02-02,quarterly_results,https://www.sec.gov/Archives/edgar/data/1018724/000101872423000002/amzn-20230202.htm,primary doc Item 2.02: definitive financial-results announcement for a completed fiscal period; no preliminary/business-update/guidance-only language found,2026-07-17T00:00:00+00:00
A0157,AMZN,2023-04-27,quarterly_results,https://www.sec.gov/Archives/edgar/data/1018724/000101872423000006/amzn-20230427.htm,primary doc Item 2.02: definitive financial-results announcement for a completed fiscal period; no preliminary/business-update/guidance-only language found,2026-07-17T00:00:00+00:00
A0158,AMZN,2023-08-03,quarterly_results,https://www.sec.gov/Archives/edgar/data/1018724/000101872423000010/amzn-20230803.htm,primary doc Item 2.02: definitive financial-results announcement for a completed fiscal period; no preliminary/business-update/guidance-only language found,2026-07-17T00:00:00+00:00
A0159,AMZN,2023-10-26,quarterly_results,https://www.sec.gov/Archives/edgar/data/1018724/000101872423000016/amzn-20231026.htm,primary doc Item 2.02: definitive financial-results announcement for a completed fiscal period; no preliminary/business-update/guidance-only language found,2026-07-17T00:00:00+00:00
A0160,AMZN,2024-02-01,quarterly_results,https://www.sec.gov/Archives/edgar/data/1018724/000101872424000006/amzn-20240201.htm,primary doc Item 2.02: definitive financial-results announcement for a completed fiscal period; no preliminary/business-update/guidance-only language found,2026-07-17T00:00:00+00:00
A0161,AMZN,2024-04-30,quarterly_results,https://www.sec.gov/Archives/edgar/data/1018724/000101872424000081/amzn-20240430.htm,primary doc Item 2.02: definitive financial-results announcement for a completed fiscal period; no preliminary/business-update/guidance-only language found,2026-07-17T00:00:00+00:00
A0162,AMZN,2024-08-01,quarterly_results,https://www.sec.gov/Archives/edgar/data/1018724/000101872424000128/amzn-20240801.htm,primary doc Item 2.02: definitive financial-results announcement for a completed fiscal period; no preliminary/business-update/guidance-only language found,2026-07-17T00:00:00+00:00
A0163,AMZN,2024-10-31,quarterly_results,https://www.sec.gov/Archives/edgar/data/1018724/000101872424000158/amzn-20241031.htm,primary doc Item 2.02: definitive financial-results announcement for a completed fiscal period; no preliminary/business-update/guidance-only language found,2026-07-17T00:00:00+00:00
A0164,AMZN,2025-02-06,quarterly_results,https://www.sec.gov/Archives/edgar/data/1018724/000101872425000002/amzn-20250206.htm,primary doc Item 2.02: definitive financial-results announcement for a completed fiscal period; no preliminary/business-update/guidance-only language found,2026-07-17T00:00:00+00:00
A0165,AMZN,2025-05-01,quarterly_results,https://www.sec.gov/Archives/edgar/data/1018724/000101872425000034/amzn-20250501.htm,primary doc Item 2.02: definitive financial-results announcement for a completed fiscal period; no preliminary/business-update/guidance-only language found,2026-07-17T00:00:00+00:00
A0166,AMZN,2025-07-31,quarterly_results,https://www.sec.gov/Archives/edgar/data/1018724/000101872425000084/amzn-20250731.htm,primary doc Item 2.02: definitive financial-results announcement for a completed fiscal period; no preliminary/business-update/guidance-only language found,2026-07-17T00:00:00+00:00
A0167,AMZN,2025-10-30,quarterly_results,https://www.sec.gov/Archives/edgar/data/1018724/000101872425000121/amzn-20251030.htm,primary doc Item 2.02: definitive financial-results announcement for a completed fiscal period; no preliminary/business-update/guidance-only language found,2026-07-17T00:00:00+00:00
A0168,AMZN,2026-02-05,quarterly_results,https://www.sec.gov/Archives/edgar/data/1018724/000101872426000002/amzn-20260205.htm,primary doc Item 2.02: definitive financial-results announcement for a completed fiscal period; no preliminary/business-update/guidance-only language found,2026-07-17T00:00:00+00:00
A0169,VST,2018-02-26,quarterly_results,https://www.sec.gov/Archives/edgar/data/1692819/000119312518057237/d536429d8k.htm,primary doc Item 2.02: definitive financial-results announcement for a completed fiscal period; no preliminary/business-update/guidance-only language found,2026-07-17T00:00:00+00:00
A0170,VST,2018-05-04,quarterly_results,https://www.sec.gov/Archives/edgar/data/1692819/000119312518151559/d772777d8k.htm,primary doc Item 2.02: definitive financial-results announcement for a completed fiscal period; no preliminary/business-update/guidance-only language found,2026-07-17T00:00:00+00:00
A0171,VST,2018-08-06,quarterly_results,https://www.sec.gov/Archives/edgar/data/1692819/000119312518238931/d596300d8k.htm,primary doc Item 2.02: definitive financial-results announcement for a completed fiscal period; no preliminary/business-update/guidance-only language found,2026-07-17T00:00:00+00:00
A0172,VST,2018-11-02,quarterly_results,https://www.sec.gov/Archives/edgar/data/1692819/000119312518316341/d634944d8k.htm,primary doc Item 2.02: definitive financial-results announcement for a completed fiscal period; no preliminary/business-update/guidance-only language found,2026-07-17T00:00:00+00:00
A0173,VST,2019-02-28,quarterly_results,https://www.sec.gov/Archives/edgar/data/1692819/000119312519055469/d682583d8k.htm,primary doc Item 2.02: definitive financial-results announcement for a completed fiscal period; no preliminary/business-update/guidance-only language found,2026-07-17T00:00:00+00:00
A0174,VST,2019-05-03,quarterly_results,https://www.sec.gov/Archives/edgar/data/1692819/000119312519135686/d743679d8k.htm,primary doc Item 2.02: definitive financial-results announcement for a completed fiscal period; no preliminary/business-update/guidance-only language found,2026-07-17T00:00:00+00:00
A0175,VST,2019-08-02,quarterly_results,https://www.sec.gov/Archives/edgar/data/1692819/000119312519211406/d778604d8k.htm,primary doc Item 2.02: definitive financial-results announcement for a completed fiscal period; no preliminary/business-update/guidance-only language found,2026-07-17T00:00:00+00:00
A0176,VST,2019-11-05,quarterly_results,https://www.sec.gov/Archives/edgar/data/1692819/000119312519283984/d816091d8k.htm,primary doc Item 2.02: definitive financial-results announcement for a completed fiscal period; no preliminary/business-update/guidance-only language found,2026-07-17T00:00:00+00:00
A0177,VST,2020-02-28,quarterly_results,https://www.sec.gov/Archives/edgar/data/1692819/000119312520054048/d872307d8k.htm,primary doc Item 2.02: definitive financial-results announcement for a completed fiscal period; no preliminary/business-update/guidance-only language found,2026-07-17T00:00:00+00:00
A0178,VST,2020-05-05,quarterly_results,https://www.sec.gov/Archives/edgar/data/1692819/000119312520133017/d877081d8k.htm,primary doc Item 2.02: definitive financial-results announcement for a completed fiscal period; no preliminary/business-update/guidance-only language found,2026-07-17T00:00:00+00:00
A0179,VST,2020-08-05,quarterly_results,https://www.sec.gov/Archives/edgar/data/1692819/000119312520209814/d97000d8k.htm,primary doc Item 2.02: definitive financial-results announcement for a completed fiscal period; no preliminary/business-update/guidance-only language found,2026-07-17T00:00:00+00:00
A0180,VST,2020-11-04,quarterly_results,https://www.sec.gov/Archives/edgar/data/1692819/000119312520285108/d39314d8k.htm,primary doc Item 2.02: definitive financial-results announcement for a completed fiscal period; no preliminary/business-update/guidance-only language found,2026-07-17T00:00:00+00:00
A0181,VST,2021-02-26,quarterly_results,https://www.sec.gov/Archives/edgar/data/1692819/000119312521058302/d121629d8k.htm,primary doc Item 2.02: definitive financial-results announcement for a completed fiscal period; no preliminary/business-update/guidance-only language found,2026-07-17T00:00:00+00:00
A0182,VST,2021-04-26,business_update,https://www.sec.gov/Archives/edgar/data/1692819/000119312521130268/d139341d8k.htm,primary doc: Item 2.02 only cross-references a 'Liquidity and Related Financing Transactions' section of an Item 7.01 Reg FD press release reissuing 2021 guidance and updating Winter Storm Uri EBITDA impact — not a quarterly results release,2026-07-17T00:00:00+00:00
A0183,VST,2021-08-05,quarterly_results,https://www.sec.gov/Archives/edgar/data/1692819/000119312521236916/d213464d8k.htm,primary doc Item 2.02: definitive financial-results announcement for a completed fiscal period; no preliminary/business-update/guidance-only language found,2026-07-17T00:00:00+00:00
A0184,VST,2021-11-05,quarterly_results,https://www.sec.gov/Archives/edgar/data/1692819/000119312521320861/d234146d8k.htm,primary doc Item 2.02: definitive financial-results announcement for a completed fiscal period; no preliminary/business-update/guidance-only language found,2026-07-17T00:00:00+00:00
A0185,VST,2022-02-25,quarterly_results,https://www.sec.gov/Archives/edgar/data/1692819/000119312522053117/d82085d8k.htm,primary doc Item 2.02: definitive financial-results announcement for a completed fiscal period; no preliminary/business-update/guidance-only language found,2026-07-17T00:00:00+00:00
A0186,VST,2022-05-03,quarterly_results,https://www.sec.gov/Archives/edgar/data/1692819/000119312522142900/d349979d8k.htm,primary doc Item 2.02: definitive financial-results announcement for a completed fiscal period; no preliminary/business-update/guidance-only language found,2026-07-17T00:00:00+00:00
A0187,VST,2022-08-05,quarterly_results,https://www.sec.gov/Archives/edgar/data/1692819/000119312522213037/d364910d8k.htm,primary doc Item 2.02: definitive financial-results announcement for a completed fiscal period; no preliminary/business-update/guidance-only language found,2026-07-17T00:00:00+00:00
A0188,VST,2022-11-04,quarterly_results,https://www.sec.gov/Archives/edgar/data/1692819/000119312522277411/d413976d8k.htm,primary doc Item 2.02: definitive financial-results announcement for a completed fiscal period; no preliminary/business-update/guidance-only language found,2026-07-17T00:00:00+00:00
A0189,VST,2023-03-01,quarterly_results,https://www.sec.gov/Archives/edgar/data/1692819/000119312523055104/d472125d8k.htm,primary doc Item 2.02: definitive financial-results announcement for a completed fiscal period; no preliminary/business-update/guidance-only language found,2026-07-17T00:00:00+00:00
A0190,VST,2023-05-09,quarterly_results,https://www.sec.gov/Archives/edgar/data/1692819/000119312523138876/d351861d8k.htm,primary doc Item 2.02: definitive financial-results announcement for a completed fiscal period; no preliminary/business-update/guidance-only language found,2026-07-17T00:00:00+00:00
A0191,VST,2023-08-09,quarterly_results,https://www.sec.gov/Archives/edgar/data/1692819/000119312523206766/d538187d8k.htm,primary doc Item 2.02: definitive financial-results announcement for a completed fiscal period; no preliminary/business-update/guidance-only language found,2026-07-17T00:00:00+00:00
A0192,VST,2023-11-07,quarterly_results,https://www.sec.gov/Archives/edgar/data/1692819/000119312523271904/d582605d8k.htm,primary doc Item 2.02: definitive financial-results announcement for a completed fiscal period; no preliminary/business-update/guidance-only language found,2026-07-17T00:00:00+00:00
A0193,VST,2024-02-28,quarterly_results,https://www.sec.gov/Archives/edgar/data/1692819/000119312524049124/d784050d8k.htm,primary doc Item 2.02: definitive financial-results announcement for a completed fiscal period; no preliminary/business-update/guidance-only language found,2026-07-17T00:00:00+00:00
A0194,VST,2024-05-08,quarterly_results,https://www.sec.gov/Archives/edgar/data/1692819/000119312524133760/d837065d8k.htm,primary doc Item 2.02: definitive financial-results announcement for a completed fiscal period; no preliminary/business-update/guidance-only language found,2026-07-17T00:00:00+00:00
A0195,VST,2024-08-08,quarterly_results,https://www.sec.gov/Archives/edgar/data/1692819/000119312524196470/d829534d8k.htm,primary doc Item 2.02: definitive financial-results announcement for a completed fiscal period; no preliminary/business-update/guidance-only language found,2026-07-17T00:00:00+00:00
A0196,VST,2024-11-07,quarterly_results,https://www.sec.gov/Archives/edgar/data/1692819/000119312524252608/d852941d8k.htm,primary doc Item 2.02: definitive financial-results announcement for a completed fiscal period; no preliminary/business-update/guidance-only language found,2026-07-17T00:00:00+00:00
A0197,VST,2025-02-27,quarterly_results,https://www.sec.gov/Archives/edgar/data/1692819/000119312525037636/d126557d8k.htm,primary doc Item 2.02: definitive financial-results announcement for a completed fiscal period; no preliminary/business-update/guidance-only language found,2026-07-17T00:00:00+00:00
A0198,VST,2025-05-07,quarterly_results,https://www.sec.gov/Archives/edgar/data/1692819/000119312525114425/d932115d8k.htm,primary doc Item 2.02: definitive financial-results announcement for a completed fiscal period; no preliminary/business-update/guidance-only language found,2026-07-17T00:00:00+00:00
A0199,VST,2025-08-07,quarterly_results,https://www.sec.gov/Archives/edgar/data/1692819/000119312525174942/d929557d8k.htm,primary doc Item 2.02: definitive financial-results announcement for a completed fiscal period; no preliminary/business-update/guidance-only language found,2026-07-17T00:00:00+00:00
A0200,VST,2025-11-06,quarterly_results,https://www.sec.gov/Archives/edgar/data/1692819/000119312525268033/d33941d8k.htm,primary doc Item 2.02: definitive financial-results announcement for a completed fiscal period; no preliminary/business-update/guidance-only language found,2026-07-17T00:00:00+00:00
A0201,VST,2026-02-26,quarterly_results,https://www.sec.gov/Archives/edgar/data/1692819/000119312526073364/d21122d8k.htm,primary doc Item 2.02: definitive financial-results announcement for a completed fiscal period; no preliminary/business-update/guidance-only language found,2026-07-17T00:00:00+00:00
A0202,CEG,2022-05-12,quarterly_results,https://www.sec.gov/Archives/edgar/data/1168165/000186827522000042/ceg-20220512.htm,primary doc Item 2.02: definitive financial-results announcement for a completed fiscal period; no preliminary/business-update/guidance-only language found,2026-07-17T00:00:00+00:00
A0203,CEG,2022-08-04,quarterly_results,https://www.sec.gov/Archives/edgar/data/1168165/000186827522000064/ceg-20220804.htm,primary doc Item 2.02: definitive financial-results announcement for a completed fiscal period; no preliminary/business-update/guidance-only language found,2026-07-17T00:00:00+00:00
A0204,CEG,2022-11-08,quarterly_results,https://www.sec.gov/Archives/edgar/data/1168165/000186827522000091/ceg-20221108.htm,primary doc Item 2.02: definitive financial-results announcement for a completed fiscal period; no preliminary/business-update/guidance-only language found,2026-07-17T00:00:00+00:00
A0205,CEG,2023-02-16,quarterly_results,https://www.sec.gov/Archives/edgar/data/1168165/000186827523000012/ceg-20230216.htm,primary doc Item 2.02: definitive financial-results announcement for a completed fiscal period; no preliminary/business-update/guidance-only language found,2026-07-17T00:00:00+00:00
A0206,CEG,2023-05-04,quarterly_results,https://www.sec.gov/Archives/edgar/data/1168165/000186827523000030/ceg-20230504.htm,primary doc Item 2.02: definitive financial-results announcement for a completed fiscal period; no preliminary/business-update/guidance-only language found,2026-07-17T00:00:00+00:00
A0207,CEG,2023-08-03,quarterly_results,https://www.sec.gov/Archives/edgar/data/1168165/000186827523000060/ceg-20230803.htm,primary doc Item 2.02: definitive financial-results announcement for a completed fiscal period; no preliminary/business-update/guidance-only language found,2026-07-17T00:00:00+00:00
A0208,CEG,2023-11-06,quarterly_results,https://www.sec.gov/Archives/edgar/data/1168165/000186827523000078/ceg-20231106.htm,primary doc Item 2.02: definitive financial-results announcement for a completed fiscal period; no preliminary/business-update/guidance-only language found,2026-07-17T00:00:00+00:00
A0209,CEG,2024-02-27,quarterly_results,https://www.sec.gov/Archives/edgar/data/1168165/000186827524000010/ceg-20240227.htm,primary doc Item 2.02: definitive financial-results announcement for a completed fiscal period; no preliminary/business-update/guidance-only language found,2026-07-17T00:00:00+00:00
A0210,CEG,2024-05-09,quarterly_results,https://www.sec.gov/Archives/edgar/data/1168165/000186827524000023/ceg-20240509.htm,primary doc Item 2.02: definitive financial-results announcement for a completed fiscal period; no preliminary/business-update/guidance-only language found,2026-07-17T00:00:00+00:00
A0211,CEG,2024-08-06,quarterly_results,https://www.sec.gov/Archives/edgar/data/1168165/000186827524000051/ceg-20240806.htm,primary doc Item 2.02: definitive financial-results announcement for a completed fiscal period; no preliminary/business-update/guidance-only language found,2026-07-17T00:00:00+00:00
A0212,CEG,2024-11-04,quarterly_results,https://www.sec.gov/Archives/edgar/data/1168165/000186827524000066/ceg-20241104.htm,primary doc Item 2.02: definitive financial-results announcement for a completed fiscal period; no preliminary/business-update/guidance-only language found,2026-07-17T00:00:00+00:00
A0213,CEG,2025-02-18,quarterly_results,https://www.sec.gov/Archives/edgar/data/1168165/000186827525000020/ceg-20250218.htm,primary doc Item 2.02: definitive financial-results announcement for a completed fiscal period; no preliminary/business-update/guidance-only language found,2026-07-17T00:00:00+00:00
A0214,CEG,2025-05-06,quarterly_results,https://www.sec.gov/Archives/edgar/data/1168165/000186827525000040/ceg-20250506.htm,primary doc Item 2.02: definitive financial-results announcement for a completed fiscal period; no preliminary/business-update/guidance-only language found,2026-07-17T00:00:00+00:00
A0215,CEG,2025-08-07,quarterly_results,https://www.sec.gov/Archives/edgar/data/1168165/000186827525000070/ceg-20250807.htm,primary doc Item 2.02: definitive financial-results announcement for a completed fiscal period; no preliminary/business-update/guidance-only language found,2026-07-17T00:00:00+00:00
A0216,CEG,2025-11-07,quarterly_results,https://www.sec.gov/Archives/edgar/data/1168165/000186827525000089/ceg-20251107.htm,primary doc Item 2.02: definitive financial-results announcement for a completed fiscal period; no preliminary/business-update/guidance-only language found,2026-07-17T00:00:00+00:00
A0217,CEG,2026-02-24,quarterly_results,https://www.sec.gov/Archives/edgar/data/1168165/000186827526000029/ceg-20260224.htm,primary doc Item 2.02: definitive financial-results announcement for a completed fiscal period; no preliminary/business-update/guidance-only language found,2026-07-17T00:00:00+00:00
A0218,SMCI,2018-01-30,other_item_202,https://www.sec.gov/Archives/edgar/data/1375365/000162828018000714/exhibit991q2-2018_pre.htm,"ex-99.1 headline: 'Announces Second Quarter Fiscal 2018 Preliminary Financial Information; Management Changes' — preliminary, not definitive",2026-07-17T00:00:00+00:00
A0219,SMCI,2018-05-03,other_item_202,https://www.sec.gov/Archives/edgar/data/1375365/000162828018005840/exhibit991q3-2018_pre.htm,ex-99.1 headline: 'Announces Third Quarter Fiscal 2018 Preliminary Financial Information',2026-07-17T00:00:00+00:00
A0220,SMCI,2018-08-21,other_item_202,https://www.sec.gov/Archives/edgar/data/1375365/000162828018011282/exhibit991_20180821x202.htm,ex-99.1 headline: 'Announces Fourth Quarter Fiscal 2018 Preliminary Financial Information',2026-07-17T00:00:00+00:00
A0221,SMCI,2018-11-14,other_item_202,https://www.sec.gov/Archives/edgar/data/1375365/000162828018014419/exhibit991_20181115x202.htm,ex-99.1 headline: 'Announces First Quarter Fiscal 2019 Preliminary Financial Information and Decision to Restate Prior Period Financial Statements',2026-07-17T00:00:00+00:00
A0222,SMCI,2019-02-14,other_item_202,https://www.sec.gov/Archives/edgar/data/1375365/000137536519000006/exhibit991_20190214x202.htm,ex-99.1 headline: 'Announces Second Quarter Fiscal 2019 Preliminary Financial Information',2026-07-17T00:00:00+00:00
A0223,SMCI,2019-05-15,other_item_202,https://www.sec.gov/Archives/edgar/data/1375365/000137536519000041/exhibit991_20190516x202.htm,ex-99.1 headline: 'Announces Third Quarter Fiscal 2019 Preliminary Financial Information and Files 2017 Form 10-K and Form 10-Q/As' — delinquency-era catch-up filing,2026-07-17T00:00:00+00:00
A0224,SMCI,2019-08-15,other_item_202,https://www.sec.gov/Archives/edgar/data/1375365/000137536519000047/exhibit991_20190815x202.htm,ex-99.1 headline: 'Announces Fourth Quarter Fiscal 2019 Preliminary Financial Information',2026-07-17T00:00:00+00:00
A0225,SMCI,2019-11-14,other_item_202,https://www.sec.gov/Archives/edgar/data/1375365/000137536519000059/exhibit991_20191114x202.htm,ex-99.1 headline: 'Announces First Quarter Fiscal 2020 Preliminary Financial Information',2026-07-17T00:00:00+00:00
A0226,SMCI,2020-01-08,business_update,https://www.sec.gov/Archives/edgar/data/1375365/000137536520000004/exhibit99120200109.htm,"ex-99.1 headline: 'Announces Approval to Relist on NASDAQ and Provides Business Update' — relisting/compliance update, not a results release",2026-07-17T00:00:00+00:00
A0227,SMCI,2020-02-06,quarterly_results,https://www.sec.gov/Archives/edgar/data/1375365/000137536520000008/exhibit99120200206.htm,ex-99.1 headline: 'Announces Second Quarter Fiscal 2020 Financial Results' — no preliminary qualifier,2026-07-17T00:00:00+00:00
A0228,SMCI,2020-04-02,business_update,https://www.sec.gov/Archives/edgar/data/1375365/000137536520000021/exhibit99120200402.htm,ex-99.1 headline: 'Provides Third Quarter of Fiscal 2020 Business Update',2026-07-17T00:00:00+00:00
A0229,SMCI,2020-05-07,quarterly_results,https://www.sec.gov/Archives/edgar/data/1375365/000137536520000030/exhibit99120200507.htm,ex-99.1 headline: 'Announces Third Quarter Fiscal Year 2020 Financial Results',2026-07-17T00:00:00+00:00
A0230,SMCI,2020-08-11,quarterly_results,https://www.sec.gov/Archives/edgar/data/1375365/000137536520000057/exhibit99120200811.htm,ex-99.1 headline: 'Announces Fourth Quarter and Full Year Fiscal Year 2020 Financial Results and Stock Repurchase Authorization',2026-07-17T00:00:00+00:00
A0231,SMCI,2020-10-28,quarterly_results,https://www.sec.gov/Archives/edgar/data/1375365/000137536520000069/exhibit99120200930.htm,ex-99.1 headline: 'Announces First Quarter Fiscal Year 2021 Financial Results and New Stock Repurchase Authorization',2026-07-17T00:00:00+00:00
A0232,SMCI,2021-01-29,quarterly_results,https://www.sec.gov/Archives/edgar/data/1375365/000137536521000005/exhibit991_20201231.htm,"ex-99.1 headline: 'Announces Second Quarter Fiscal Year 2021 Financial Results, New Stock Repurchase Authorization, and Chief Financial Officer Transition'",2026-07-17T00:00:00+00:00
A0233,SMCI,2021-05-04,quarterly_results,https://www.sec.gov/Archives/edgar/data/1375365/000137536521000029/exhibit991_20210331.htm,ex-99.1 headline: 'Announces Third Quarter Fiscal Year 2021 Financial Results',2026-07-17T00:00:00+00:00
A0234,SMCI,2021-08-10,quarterly_results,https://www.sec.gov/Archives/edgar/data/1375365/000137536521000055/exhibit991_20210630.htm,"ex-99.1 headline: 'Announces Fourth Quarter and Full Year Fiscal Year 2021 Financial Results' — note: 8-K Item 2.02 body says 'preliminary financial information' (stale boilerplate) but the actual press release headline/body is a definitive results release; classified on exhibit evidence, not body text",2026-07-17T00:00:00+00:00
A0235,SMCI,2021-11-02,quarterly_results,https://www.sec.gov/Archives/edgar/data/1375365/000137536521000078/exhibit991_20210930.htm,ex-99.1 headline: 'Announces First Quarter Fiscal Year 2022 Financial Results',2026-07-17T00:00:00+00:00
A0236,SMCI,2022-02-01,quarterly_results,https://www.sec.gov/Archives/edgar/data/1375365/000137536522000008/exhibit991_20211231.htm,ex-99.1 headline: 'Announces Second Quarter Fiscal Year 2022 Financial Results',2026-07-17T00:00:00+00:00
A0237,SMCI,2022-04-18,business_update,https://www.sec.gov/Archives/edgar/data/1375365/000137536522000046/exhibit991_20220331-prexan.htm,ex-99.1 headline: 'Provides Third Quarter Fiscal 2022 Business Update Expects to Exceed Prior Financial Guidance' — pre-announcement ~2wk before the definitive release (A0238),2026-07-17T00:00:00+00:00
A0238,SMCI,2022-05-03,quarterly_results,https://www.sec.gov/Archives/edgar/data/1375365/000137536522000053/exhibit991_20220331.htm,ex-99.1 headline: 'Announces Third Quarter Fiscal Year 2022 Financial Results' — the definitive release following the A0237 pre-announcement,2026-07-17T00:00:00+00:00
A0239,SMCI,2022-07-20,business_update,https://www.sec.gov/Archives/edgar/data/1375365/000137536522000086/exhibit991_20220630preanno.htm,ex-99.1 headline: 'Provides Fourth Quarter Fiscal Year 2022 Business Update Expects to Exceed Prior Financial Guidance',2026-07-17T00:00:00+00:00
A0240,SMCI,2022-08-03,quarterly_results,https://www.sec.gov/Archives/edgar/data/1375365/000137536522000092/exhibit991_20220630.htm,ex-99.1 headline: 'Announces Fourth Quarter and Full Year Fiscal Year 2022 Financial Results',2026-07-17T00:00:00+00:00
A0241,SMCI,2022-10-19,business_update,https://www.sec.gov/Archives/edgar/data/1375365/000137536522000109/exhibit991_20220930preanno.htm,ex-99.1 headline: 'Provides First Quarter Fiscal 2023 Business Update Expects to Exceed Prior Financial Guidance',2026-07-17T00:00:00+00:00
A0242,SMCI,2022-11-01,quarterly_results,https://www.sec.gov/Archives/edgar/data/1375365/000137536522000115/exhibit991_20220930.htm,ex-99.1 headline: 'Announces First Quarter Fiscal Year 2023 Financial Results',2026-07-17T00:00:00+00:00
A0243,SMCI,2023-01-18,business_update,https://www.sec.gov/Archives/edgar/data/1375365/000137536523000004/exhibit991_20221231preanno.htm,ex-99.1 headline: 'Provides Second Quarter of Fiscal 2023 Business Update Expects to Exceed Prior Financial Guidance Earnings Call Scheduled',2026-07-17T00:00:00+00:00
A0244,SMCI,2023-01-31,quarterly_results,https://www.sec.gov/Archives/edgar/data/1375365/000137536523000009/exhibit991_20221231.htm,ex-99.1 headline: 'Announces Second Quarter Fiscal Year 2023 Financial Results',2026-07-17T00:00:00+00:00
A0245,SMCI,2023-04-24,other_item_202,https://www.sec.gov/Archives/edgar/data/1375365/000137536523000026/exhibit991_20230331preanno.htm,ex-99.1 headline: 'Announces Preliminary Financial Information for Third Quarter Fiscal 2023' — explicit preliminary,2026-07-17T00:00:00+00:00
A0246,SMCI,2023-05-02,quarterly_results,https://www.sec.gov/Archives/edgar/data/1375365/000137536523000027/exhibit991_20230331.htm,ex-99.1 headline: 'Announces Third Quarter Fiscal Year 2023 Financial Results',2026-07-17T00:00:00+00:00
A0247,SMCI,2023-07-20,other_item_202,https://www.sec.gov/Archives/edgar/data/1375365/000137536523000033/exhibit99120230630preannou.htm,ex-99.1 headline: 'Announces Preliminary Financial Results for Fourth Quarter of Fiscal 2023' — explicit preliminary,2026-07-17T00:00:00+00:00
A0248,SMCI,2023-08-08,quarterly_results,https://www.sec.gov/Archives/edgar/data/1375365/000137536523000034/exhibit991_20230630.htm,ex-99.1 headline: 'Announces Fourth Quarter and Full Year Fiscal Year 2023 Financial Results',2026-07-17T00:00:00+00:00
A0249,SMCI,2023-11-01,quarterly_results,https://www.sec.gov/Archives/edgar/data/1375365/000137536523000040/exhibit991_20230930.htm,ex-99.1 headline: 'Announces First Quarter Fiscal Year 2024 Financial Results',2026-07-17T00:00:00+00:00
A0250,SMCI,2024-01-18,business_update,https://www.sec.gov/Archives/edgar/data/1375365/000137536524000002/exhibit991_20231231preanno.htm,ex-99.1 headline: 'Provides Second Quarter Fiscal 2024 Business Update Expects to Exceed Prior Financial Guidance',2026-07-17T00:00:00+00:00
A0251,SMCI,2024-01-29,quarterly_results,https://www.sec.gov/Archives/edgar/data/1375365/000137536524000008/exhibit991_20231231.htm,ex-99.1 headline: 'Announces Second Quarter Fiscal Year 2024 Financial Results',2026-07-17T00:00:00+00:00
A0252,SMCI,2024-04-30,quarterly_results,https://www.sec.gov/Archives/edgar/data/1375365/000137536524000021/exhibit991_20240331.htm,ex-99.1 headline: 'Announces Third Quarter Fiscal Year 2024 Financial Results',2026-07-17T00:00:00+00:00
A0253,SMCI,2024-08-06,quarterly_results,https://www.sec.gov/Archives/edgar/data/1375365/000137536524000028/exhibit991_20240630.htm,ex-99.1 headline: 'Announces Fourth Quarter and Full Fiscal Year 2024 Financial Results',2026-07-17T00:00:00+00:00
A0254,SMCI,2024-11-01,other_item_202,https://www.sec.gov/Archives/edgar/data/1375365/000137536524000038/fq125pressreleasedraftv7.htm,"ex-99.1 headline: 'Announces an Update from the Independent Special Committee and First Quarter Fiscal Year 2025 Preliminary Financial Information' — auditor-resignation/special-committee era, explicitly preliminary",2026-07-17T00:00:00+00:00
A0255,SMCI,2025-02-11,other_item_202,https://www.sec.gov/Archives/edgar/data/1375365/000137536525000001/q225pressrelease.htm,ex-99.1 headline: 'Announces Second Quarter Fiscal Year 2025 Preliminary Financial Information',2026-07-17T00:00:00+00:00
A0256,SMCI,2025-04-29,business_update,https://www.sec.gov/Archives/edgar/data/1375365/000137536525000012/exhibit991_20250331preanno.htm,ex-99.1 headline: 'Provides Third Quarter Fiscal 2025 Business Update and Preliminary Financial Results' — leads with Business Update; also carries preliminary figures,2026-07-17T00:00:00+00:00
A0257,SMCI,2025-05-06,quarterly_results,https://www.sec.gov/Archives/edgar/data/1375365/000137536525000013/exhibit991_20250506.htm,ex-99.1 headline: 'Announces Third Quarter Fiscal Year 2025 Financial Results' — the definitive release following the A0256 update,2026-07-17T00:00:00+00:00
A0258,SMCI,2025-08-05,quarterly_results,https://www.sec.gov/Archives/edgar/data/1375365/000137536525000023/exhibit991_q425.htm,ex-99.1 headline: 'Announces Fourth Quarter and Full Fiscal Year 2025 Financial Results',2026-07-17T00:00:00+00:00
A0259,SMCI,2025-10-23,business_update,https://www.sec.gov/Archives/edgar/data/1375365/000162828025045989/fq12026businessupdatev9ms.htm,ex-99.1 headline: 'Provides First Quarter of Fiscal Year 2026 Business Update Receives Large New Orders and Sees Strong Demand for Blackwell Ultra',2026-07-17T00:00:00+00:00
A0260,SMCI,2025-11-04,quarterly_results,https://www.sec.gov/Archives/edgar/data/1375365/000137536525000029/exhibit991_20250930.htm,ex-99.1 headline: 'Announces First Quarter Fiscal Year 2026 Financial Results',2026-07-17T00:00:00+00:00
A0261,SMCI,2026-02-03,quarterly_results,https://www.sec.gov/Archives/edgar/data/1375365/000137536526000006/exhibit991_20251231.htm,ex-99.1 headline: 'Announces Second Quarter Fiscal Year 2026 Financial Results',2026-07-17T00:00:00+00:00
A0262,SMCI,2026-05-05,quarterly_results,https://www.sec.gov/Archives/edgar/data/1375365/000137536526000013/exhibit991_20260331.htm,ex-99.1 headline: 'Announces Third Quarter Fiscal Year 2026 Financial Results',2026-07-17T00:00:00+00:00
A0016,NOW,2019-10-21,other_item_202,https://www.sec.gov/Archives/edgar/data/1373715/000119312519271896/d805784d8k.htm,primary doc: 8-K bundles preliminary Q3 FY2020 financial results with CEO-transition announcement (Bill McDermott); real definitive Q3 FY2020 earnings 8-K filed 2019-10-23,2026-07-17T00:00:00+00:00
