date,source_url
2026-01-28,https://www.federalreserve.gov/monetarypolicy/fomccalendars.htm
2026-03-18,https://www.federalreserve.gov/monetarypolicy/fomccalendars.htm
2026-04-29,https://www.federalreserve.gov/monetarypolicy/fomccalendars.htm
2026-06-17,https://www.federalreserve.gov/monetarypolicy/fomccalendars.htm
2026-07-29,https://www.federalreserve.gov/monetarypolicy/fomccalendars.htm
2026-09-16,https://www.federalreserve.gov/monetarypolicy/fomccalendars.htm
2026-10-28,https://www.federalreserve.gov/monetarypolicy/fomccalendars.htm
2026-12-09,https://www.federalreserve.gov/monetarypolicy/fomccalendars.htm
2027-01-27,https://www.federalreserve.gov/monetarypolicy/fomccalendars.htm
2027-03-17,https://www.federalreserve.gov/monetarypolicy/fomccalendars.htm
2027-04-28,https://www.federalreserve.gov/monetarypolicy/fomccalendars.htm
2027-06-09,https://www.federalreserve.gov/monetarypolicy/fomccalendars.htm
2027-07-28,https://www.federalreserve.gov/monetarypolicy/fomccalendars.htm
2027-09-15,https://www.federalreserve.gov/monetarypolicy/fomccalendars.htm
2027-10-27,https://www.federalreserve.gov/monetarypolicy/fomccalendars.htm
2027-12-08,https://www.federalreserve.gov/monetarypolicy/fomccalendars.htm
